번호	원문	번역
024	ﾍﾞﾚｯﾀ157RR	베레타157RR
026	ZEROﾓｰｾﾞﾙ	ZERO마우저
027	ｺﾏﾝﾀﾞｰ0.PULS	커맨더0.PULS
033	ｼﾞｬﾝｷｰｷﾗｰ	정키킬러
035	ﾏﾙﾁﾌﾞﾗｽﾀｰ	멀티블래스터
036	ﾊｰﾄﾞｽﾊﾟｲｸ	하드스파이크
037	ﾋｰﾄｽﾄｰﾑ	히트스톰
039	ﾊﾞｰﾆﾝｸﾞｼｭｰﾀｰ	버닝슈터
040	ﾌｧｲﾔｰﾛｯﾄﾞ	파이어로드
041	ﾘｷｯﾄﾞﾊﾞｰﾅｰ	리퀴드버너
045	ﾍﾙﾌﾞﾚｲｽﾞ	헬블레이즈
047	ﾌﾚｲﾑﾊﾞﾚﾙ	플레임배럴
048	ｹﾙﾍﾞﾛｽ	케르베로스
051	ｲｰﾌﾘｰﾄ	이프리트
053	SPAS-12ｶｽﾀﾑ	SPAS-12커스텀
058	ﾚﾐﾝﾄﾝT8857	레밍턴T8857
060	JAN-SP.ｶｲ	JAN-SP.개
061	WﾊﾞﾚﾙｼｮｯﾄHP	W배럴샷HP
063	ﾏｰﾍﾞﾘｯｸM97BP	매버릭M97BP
064	M880ｺﾝﾊﾞｯﾄST	M880컴뱃ST
066	M890ﾌﾞﾙﾄﾞｯｸﾞ	M890불독
067	ｺﾝﾊﾞｯﾄｳﾙﾌ	컴뱃울프
069	CSTM ｽﾃｱｰ	CSTM 슈타이어
073	M-19A2Mﾋﾟｽﾄﾙ	M-19A2M피스톨
074	ｶﾞﾘﾙ D-SP	갈릴 D-SP
077	FA-MAS.HGｶｲ	FA-MAS.HG개
080	ﾏｽﾞﾗｲﾄ T-3	머즐라이트 T-3
086	NEO-ｲﾝｸﾞﾗﾑ	NEO-잉그램
089	ﾊｰﾄﾞﾜｰｶｰ	하드워커
090	NEO-ｲﾝｸﾞﾗﾑSP	NEO-잉그램SP
092	VZ88 S.ﾊﾞｽﾀｰ	VZ88 S.버스터
094	ｲﾝｸﾞﾗﾑ-X0	잉그램-X0
095	HPｽﾍﾟｸﾀｰ SMG	HP스펙터 SMG
096	VZ88 S.ﾌﾞﾚｲｸ	VZ88 S.브레이크
101	ｶﾞﾄﾘﾝｸﾞｼｭｰﾀｰ	개틀링슈터
104	ﾏｯﾄﾞﾈｽ1000	매드니스1000
107	ｷﾞｶﾞｽﾄﾘｰﾏｰ	기가스트리머
111	ﾐﾝﾁﾒｰｶｰ	민치메이커
116	ｴﾘﾐﾈｰﾀｰ	엘리미네이터
117	ｴﾚｸﾄﾘｯｶﾞｰ	일렉트리거
121	ﾃﾞｯﾄﾞｼﾝﾌｫﾆｰ	데드심포니
126	G.ﾃﾞｨﾒﾝｼｮﾝ	G.디멘션
130	G.ｲﾘｭｰｼﾞｮﾝ	G.일루전
134	ｽｴﾖｼ2ｼｷ	스에요시2식
137	ｽｴﾖｼ5ｼｷ	스에요시5식
139	ｷｬﾉﾏｯｸｽ	캐논맥스
140	ｽｴﾖｼ5ｼｷ.ｶｲ	스에요시5식.개
142	ｽﾄﾗｲｸｶﾞﾝﾅｰ	스트라이크거너
143	ｷﾞｶﾞﾝﾃｯｶｰ	기간테커
144	ﾊﾘｹｰﾝﾎﾞﾙﾄ	허리케인볼트
147	ｸﾞﾗﾋﾞﾄﾝ	그라비톤
148	ｼﾞｪﾉｻｲﾄﾞｷｬﾉﾝ	제노사이드캐논
150	ﾏｲﾝｼｭｰﾀｰ	마인슈터
152	ﾌｧｯﾄﾏﾝ	팻맨
154	ｸﾗｲﾑｷﾗｰ	크라임킬러
159	ﾛｲﾔﾙﾃﾞﾓﾝｼｰﾄﾞ	로열데몬시드
162	ｶｵｽｽﾏｯｼｬｰ	카오스스매셔
