번호	문자	점수	2등	2등점수
0		0		0
1	！	1.000		0
2	”	1.000		0
3	＃	1.000		0
4	＄	1.000		0
5	％	1.000		0
6	＆	1.000		0
7	’	1.000		0
8	（	1.000		0
9	）	1.000		0
A	＊	1.000		0
B	＋	1.000		0
C	，	1.000		0
D	－	1.000		0
E	．	1.000		0
F	／	1.000		0
10	０	1.000		0
11	１	1.000		0
12	２	1.000		0
13	３	1.000		0
14	４	1.000		0
15	５	1.000		0
16	６	1.000		0
17	７	1.000		0
18	８	1.000		0
19	９	1.000		0
1A	：	1.000		0
1B	；	1.000		0
1C	＜	1.000		0
1D	＝	1.000		0
1E	＞	1.000		0
1F	？	1.000		0
20	＠	1.000		0
21	Ａ	1.000		0
22	Ｂ	1.000		0
23	Ｃ	1.000		0
24	Ｄ	1.000		0
25	Ｅ	1.000		0
26	Ｆ	1.000		0
27	Ｇ	1.000		0
28	Ｈ	1.000		0
29	Ｉ	1.000		0
2A	Ｊ	1.000		0
2B	Ｋ	1.000		0
2C	Ｌ	1.000		0
2D	Ｍ	1.000		0
2E	Ｎ	1.000		0
2F	Ｏ	1.000		0
30	Ｐ	1.000		0
31	Ｑ	1.000		0
32	Ｒ	1.000		0
33	Ｓ	1.000		0
34	Ｔ	1.000		0
35	Ｕ	1.000		0
36	Ｖ	1.000		0
37	Ｗ	1.000		0
38	Ｘ	1.000		0
39	Ｙ	1.000		0
3A	Ｚ	1.000		0
3B	［	1.000		0
3C	￥	1.000		0
3D	］	1.000		0
3E	＾	1.000		0
3F	≪	1.000		0
40	｀	1.000		0
41	ａ	1.000		0
42	ｂ	1.000		0
43	ｃ	1.000		0
44	ｄ	1.000		0
45	ｅ	1.000		0
46	ｆ	1.000		0
47	ｇ	1.000		0
48	ｈ	1.000		0
49	ｉ	1.000		0
4A	ｊ	1.000		0
4B	ｋ	1.000		0
4C	ｌ	1.000		0
4D	ｍ	1.000		0
4E	ｎ	1.000		0
4F	ｏ	1.000		0
50	ｐ	1.000		0
51	ｑ	1.000		0
52	ｒ	1.000		0
53	ｓ	1.000		0
54	ｔ	1.000		0
55	ｕ	1.000		0
56	ｖ	1.000		0
57	ｗ	1.000		0
58	ｘ	1.000		0
59	ｙ	1.000		0
5A	ｚ	1.000		0
5B	｛	1.000		0
5C	｜	1.000		0
5D	｝	1.000		0
5E	～	1.000		0
5F	≫	1.000		0
60	ぁ	1.000		0
61	あ	1.000		0
62	ぃ	1.000		0
63	い	1.000		0
64	ぅ	1.000		0
65	う	1.000		0
66	ぇ	1.000		0
67	え	1.000		0
68	ぉ	1.000		0
69	お	1.000		0
6A	か	1.000		0
6B	が	1.000		0
6C	き	1.000		0
6D	ぎ	1.000		0
6E	く	1.000		0
6F	ぐ	1.000		0
70	け	1.000		0
71	げ	1.000		0
72	こ	1.000		0
73	ご	1.000		0
74	さ	1.000		0
75	ざ	1.000		0
76	し	1.000		0
77	じ	1.000		0
78	す	1.000		0
79	ず	1.000		0
7A	せ	1.000		0
7B	ぜ	1.000		0
7C	そ	1.000		0
7D	ぞ	1.000		0
7E	た	1.000		0
7F	だ	1.000		0
80	ち	1.000		0
81	。	1.000		0
82	「	1.000		0
83	」	1.000		0
84	、	1.000		0
85	・	1.000		0
86	ヲ	1.000		0
87	ァ	1.000		0
88	ィ	1.000		0
89	ゥ	1.000		0
8A	ェ	1.000		0
8B	ォ	1.000		0
8C	ャ	1.000		0
8D	ュ	1.000		0
8E	ョ	1.000		0
8F	ッ	1.000		0
90	ー	1.000		0
91	ア	1.000		0
92	イ	1.000		0
93	ウ	1.000		0
94	エ	1.000		0
95	オ	1.000		0
96	カ	1.000		0
97	キ	1.000		0
98	ク	1.000		0
99	ケ	1.000		0
9A	コ	1.000		0
9B	サ	1.000		0
9C	シ	1.000		0
9D	ス	1.000		0
9E	セ	1.000		0
9F	ソ	1.000		0
A0	タ	1.000		0
A1	チ	1.000		0
A2	ツ	1.000		0
A3	テ	1.000		0
A4	ト	1.000		0
A5	ナ	1.000		0
A6	ニ	1.000		0
A7	ヌ	1.000		0
A8	ネ	1.000		0
A9	ノ	1.000		0
AA	ハ	1.000		0
AB	ヒ	1.000		0
AC	フ	1.000		0
AD	ヘ	1.000		0
AE	ホ	1.000		0
AF	マ	1.000		0
B0	ミ	1.000		0
B1	ム	1.000		0
B2	メ	1.000		0
B3	モ	1.000		0
B4	ヤ	1.000		0
B5	ユ	1.000		0
B6	ヨ	1.000		0
B7	ラ	1.000		0
B8	リ	1.000		0
B9	ル	1.000		0
BA	レ	1.000		0
BB	ロ	1.000		0
BC	ワ	1.000		0
BD	ン	1.000		0
BE	゛	1.000		0
BF	゜	1.000		0
C0	ひ	1.000		0
C1	び	1.000		0
C2	ぴ	1.000		0
C3	ふ	1.000		0
C4	ぶ	1.000		0
C5	ぷ	1.000		0
C6	ガ	1.000		0
C7	ギ	1.000		0
C8	グ	1.000		0
C9	ゲ	1.000		0
CA	ゴ	1.000		0
CB	ザ	1.000		0
CC	ジ	1.000		0
CD	ズ	1.000		0
CE	ゼ	1.000		0
CF	ゾ	1.000		0
D0	ダ	1.000		0
D1	ヂ	1.000		0
D2	ヅ	1.000		0
D3	デ	1.000		0
D4	ド	1.000		0
D5	パ	1.000		0
D6	ピ	1.000		0
D7	プ	1.000		0
D8	ペ	1.000		0
D9	ポ	1.000		0
DA	バ	1.000		0
DB	ビ	1.000		0
DC	ブ	1.000		0
DD	ベ	1.000		0
DE	ボ	1.000		0
DF	ぽ	1.000		0
E0	ゃ	0.739	や	0.737
E1	を	0.726	巻	0.498
E2	選	0.617	瀑	0.476
E3	択	0.612	恨	0.529
E4	な	0.655	杠	0.428
E5	よ	0.866	ょ	0.793
E6	っ	0.795	つ	0.785
E7	俺	0.813	淹	0.725
E8	に	0.795	┗	0.483
E9	失	0.592	央	0.572
EA	政	0.687	敗	0.674
EB	ま	0.651	よ	0.573
EC	壞	0.690	壌	0.602
ED	れ	0.754	机	0.636
EE	王	0.610	玉	0.581
EF	常	0.580	當	0.543
F0	ど	0.862	と	0.679
F1	も	0.677	ち	0.515
F2	調	0.545	訓	0.518
F3	子	0.876	孑	0.793
F4	悪	0.583	堊	0.494
F5	_	0.962	＿	0.763
F6	度	0.599	麼	0.588
F7	ゃ	0.725	や	0.713
F8	り	0.770	リ	0.728
F9	直	0.688	廐	0.593
FA	て	0.845	で	0.721
FB	古	0.825	右	0.624
FC	は	0.663	抹	0.521
FD	消	0.781	浦	0.642
FE	接	0.738	椄	0.692
FF	近	0.716	沍	0.546
100	攻	0.468	糢	0.453
101	撃	0.610	孳	0.595
102	る	0.747	ろ	0.609
103	場	0.789	煬	0.719
104	合	0.745	台	0.674
105	急	0.749	息	0.656
106	回	0.881	圉	0.819
107	避	0.740	遵	0.472
108	不	0.805	下	0.759
109	酊	0.624	可	0.534
10A	能	0.684	熊	0.526
10B	斬	0.750	新	0.648
10C	殺	0.535	穀	0.467
10D	犯	0.640	枢	0.532
10E	の	0.839	〇	0.600
10F	抹	0.789	妹	0.624
110	手	0.854	乎	0.781
111	囗	0.940	口	0.939
112	極	0.529	齟	0.426
113	め	0.767	ぬ	0.413
114	賎	0.582	残	0.555
115	忍	0.759	思	0.642
116	て	0.762	で	0.755
117	刃	0.771	刀	0.658
118	物	0.676	胸	0.631
119	五	0.830	三	0.741
11A	休	0.657	体	0.651
11B	刻	0.569	剖	0.566
11C	み	0.787	矗	0.411
11D	盒	0.624	舎	0.607
11E	と	0.892	ど	0.840
11F	帚	0.636	言	0.618
120	街	0.668	衒	0.587
121	新	0.708	斬	0.670
122	撞	0.700	槇	0.670
123	出	0.661	山	0.580
124	所	0.647	駈	0.484
125	査	0.736	畳	0.570
126	滅	0.658	減	0.572
127	尚	0.823	崗	0.610
128	化	0.630	佻	0.479
129	童	0.807	菫	0.778
12A	火	0.715	欠	0.642
12B	欖	0.595	櫟	0.592
12C	援	0.559	扱	0.520
12D	苦	0.779	苫	0.679
12E	最	0.790	贔	0.620
12F	起	0.602	超	0.590
130	逹	0.664	速	0.656
131	続	0.698	統	0.670
132	人	0.719	火	0.694
133	事	0.849	亊	0.804
134	件	0.788	仲	0.707
135	尸	0.488	付	0.459
136	推	0.842	惟	0.714
137	定	0.726	走	0.657
138	以	0.719	似	0.532
139	前	0.606	舫	0.525
13A	蚪	0.436	財	0.389
13B	中	0.860	巾	0.689
13C	心	0.727	必	0.545
13D	関	0.686	闌	0.663
13E	隼	0.704	隻	0.665
13F	団	0.699	匝	0.696
140	明	0.740	叨	0.576
141	戟	0.488	戦	0.480
142	関	0.709	閧	0.685
143	分	0.736	廾	0.578
144	取	0.678	収	0.498
145	逃	0.606	違	0.517
146	破	0.639	砿	0.558
147	損	0.680	槇	0.647
148	修	0.805	條	0.731
149	理	0.803	珪	0.590
14A	更	0.651	吏	0.607
14B	情	0.779	惰	0.716
14C	報	0.594	細	0.509
14D	入	0.944	人	0.845
14E	カ	0.915	ヵ	0.859
14F	控	0.799	椌	0.602
150	聞	0.794	間	0.752
151	允	0.591	発	0.536
152	施	0.580	旛	0.516
153	設	0.509	毆	0.450
154	ら	0.763	в	0.585
155	盗	0.741	盜	0.699
156	試	0.531	弑	0.507
157	作	0.841	佯	0.662
158	腕	0.632	腆	0.619
159	部	0.654	郎	0.578
15A	収	0.561	寂	0.486
15B	請	0.750	靖	0.669
15C	負	0.778	貞	0.681
15D	名	0.771	も	0.392
15E	禹	0.603	禺	0.563
15F	断	0.738	げ	0.446
160	潜	0.667	濳	0.631
161	伏	0.858	代	0.555
162	思	0.628	君	0.528
163	ゎ	0.608	わ	0.573
164	内	0.654	向	0.588
165	穏	0.569	揺	0.507
166	動	0.724	勤	0.634
167	反	0.826	屓	0.596
168	逆	0.728	庄	0.462
169	者	0.777	考	0.674
16A	組	0.713	絽	0.673
16B	職	0.591	纎	0.539
16C	主	0.892	埀	0.615
16D	拠	0.562	搬	0.409
16E	点	0.888	無	0.579
16F	辺	0.540	酒	0.443
170	工	0.835	ェ	0.729
171	昔	0.722	苜	0.689
172	信	0.766	借	0.644
173	逎	0.561	廼	0.535
174	｀	0.564	ヽ	0.530
175	原	0.668	灰	0.579
176	因	0.726	固	0.648
177	究	0.773	突	0.567
178	何	0.837	河	0.592
179	┼	0.789	千	0.728
17A	注	0.710	辻	0.593
17B	意	0.795	童	0.616
17C	墜	0.554	宣	0.384
17D	落	0.677	藩	0.528
17E	輸	0.737	崘	0.622
17F	走	0.517	痃	0.496
180	兵	0.839	具	0.546
181	器	0.530	言	0.465
182	員	0.638	雷	0.594
183	杳	0.645	育	0.640
184	為	0.595	芻	0.399
185	党	0.708	覚	0.592
186	仕	0.857	佳	0.662
187	褂	0.716	掛	0.704
188	超	0.641	趨	0.576
189	小	0.857	╂	0.551
18A	型	0.748	莖	0.488
18B	慢	0.487	爆	0.483
18C	弾	0.684	彈	0.630
18D	撒	0.511	戲	0.453
18E	去	0.863	古	0.599
18F	制	0.857	剃	0.587
190	限	0.678	隈	0.661
191	畤	0.751	峙	0.715
192	間	0.860	聞	0.836
193	詳	0.639	詐	0.581
194	数	0.504	殼	0.502
195	判	0.626	利	0.620
196	來	0.800	来	0.775
197	普	0.552	典	0.541
198	ろ	0.745	る	0.674
199	周	0.630	同	0.538
19A	囲	0.825	圏	0.697
19B	影	0.488	彭	0.478
19C	響	0.519	蠻	0.444
19D	及	0.698	八	0.448
19E	恐	0.604	迅	0.402
19F	各	0.689	冬	0.581
1A0	自	0.769	宙	0.551
1A1	埋	0.808	理	0.782
1A2	込	0.584	沾	0.417
1A3	使	0.665	便	0.651
1A4	杲	0.760	果	0.746
1A5	業	0.625	菓	0.599
1A6	進	0.690	違	0.603
1A7	様	0.669	棟	0.661
1A8	学	0.695	字	0.586
1A9	第	0.615	弟	0.586
1AA	触	0.607	駐	0.510
1AB	護	0.703	钁	0.567
1AC	衛	0.624	銜	0.587
1AD	頸	0.542	顧	0.513
1AE	悩	0.494	臚	0.477
1AF	利	0.669	刊	0.539
1B0	用	0.843	尸	0.604
1B1	閤	0.743	閨	0.697
1B2	商	0.526	喃	0.516
1B3	生	0.816	主	0.707
1B4	揃	0.706	揣	0.695
1B5	品	0.802	呂	0.680
1B6	改	0.412	酸	0.379
1B7	迫	0.611	適	0.555
1B8	秘	0.584	祕	0.579
1B9	今	0.694	令	0.611
1BA	後	0.751	筱	0.613
1BB	卮	0.717	危	0.663
1BC	険	0.723	陳	0.651
1BD	存	0.559	桴	0.553
1BE	在	0.647	往	0.601
1BF	ぱ	0.699	ば	0.695
1C0	鮗	0.587	許	0.580
1C1	復	0.601	愎	0.496
1C2	完	0.777	売	0.674
1C3	全	0.650	企	0.637
1C4	倍	0.733	但	0.635
1C5	防	0.693	陝	0.541
1C6	御	0.781	槨	0.609
1C7	応	0.731	廝	0.449
1C8	速	0.616	逮	0.598
1C9	命	0.592	余	0.550
1CA	孛	0.649	率	0.639
1CB	毎	0.737	痔	0.567
1CC	半	0.832	牛	0.711
1CD	暾	0.499	敵	0.451
1CE	必	0.485	∠	0.414
1CF	先	0.751	失	0.568
1D0	脱	0.619	胼	0.496
1D1	裟	0.483	装	0.474
1D2	着	0.755	若	0.644
1D3	増	0.584	均	0.543
1D4	脚	0.560	鉚	0.445
1D5	脱	0.521	鋭	0.520
1D6	武	0.580	栽	0.543
1D7	覧	0.600	腎	0.506
1D8	衷	0.717	表	0.696
1D9	示	0.803	〒	0.574
1DA	持	0.727	待	0.640
1DB	殊	0.717	珠	0.701
1DC	状	0.847	伏	0.640
1DD	態	0.689	惑	0.455
1DE	確	0.615	陪	0.525
1DF	認	0.423	諞	0.392
1E0	措	0.660	揩	0.623
1E1	令	0.828	帝	0.594
1E2	容	0.712	吝	0.696
1E3	本	0.806	夲	0.773
1E4	悍	0.509	怦	0.498
1E5	還	0.594	運	0.543
1E6	細	0.826	鈿	0.697
1E7	弓	0.519	п	0.457
1E8	肋	0.803	肭	0.614
1E9	骨	0.739	肯	0.688
1EA	臓	0.637	膿	0.537
1EB	脊	0.725	青	0.572
1EC	髄	0.708	髓	0.582
1ED	拒	0.626	桓	0.626
1EE	抻	0.712	神	0.697
1EF	経	0.776	紅	0.669
1F0	布	0.681	右	0.582
1F1	筋	0.706	莇	0.637
1F2	左	0.848	さ	0.556
1F3	足	0.667	尽	0.514
1F4	持	0.669	情	0.635
1F5	丈	0.527	支	0.508
1F6	換	0.668	插	0.579
1F7	ん	0.652	κ	0.488
1F8	済	0.758	濟	0.692
1F9	香	0.676	蚕	0.647
1FA	号	0.836	罟	0.580
1FB	薬	0.706	葉	0.643
1FC	弱	0.636	周	0.439
1FD	下	0.935	于	0.732
1FE	強	0.860	弥	0.480
1FF	峻	0.574	酸	0.569
200	浴	0.661	潜	0.600
201	覆	0.732	罹	0.555
202	金	0.725	企	0.647
203	属	0.551	庫	0.509
204	粉	0.515	紛	0.507
205	雷	0.616	電	0.577
206	⊥	0.693	上	0.672
207	雕	0.683	離	0.666
208	ケ	0.761	ヶ	0.736
209	再	0.889	早	0.691
20A	具	0.626	貫	0.625
20B	硬	0.589	峺	0.544
20C	剤	0.642	削	0.570
20D	国	0.841	固	0.759
20E	外	0.799	升	0.588
20F	需	0.651	言	0.623
210	針	0.601	竍	0.599
211	黴	0.524	賦	0.437
212	幀	0.452	愃	0.442
213	身	0.748	寿	0.588
214	吸	0.569	吟	0.462
215	大	0.883	太	0.821
216	波	0.589	滅	0.525
217	上	0.876	⊥	0.788
218	空	0.762	杢	0.623
219	紫	0.654	紮	0.634
21A	線	0.781	練	0.724
21B	降	0.707	隆	0.614
21C	解	0.747	觧	0.597
21D	廬	0.584	廩	0.569
21E	変	0.771	奕	0.706
21F	口	0.650	ロ	0.600
220	方	0.828	力	0.565
221	八	0.846	バ	0.717
222	冒	0.696	胃	0.651
223	歓	0.526	欲	0.521
224	個	0.831	悃	0.581
225	売	0.758	完	0.643
226	見	0.738	晃	0.700
227	￡	0.517	Ξ	0.496
228	っ	0.904	つ	0.826
229	私	0.704	仏	0.555
22A	念	0.639	忠	0.602
22B	ね	0.645	ゎ	0.532
22C	払	0.739	仏	0.605
22D	引	0.773	川	0.476
22E	遠	0.699	達	0.633
22F	産	0.523	盧	0.509
230	よ	0.900	ょ	0.884
231	ほ	0.704	は	0.492
232	気	0.680	氣	0.565
233	結	0.554	緒	0.541
234	代	0.712	伏	0.694
235	ぱ	0.779	ば	0.757
236	転	0.586	紜	0.585
237	称	0.659	袮	0.595
238	油	0.631	泊	0.581
239	袋	0.621	錢	0.407
23A	二	0.764	ニ	0.723
23B	男	0.703	毘	0.584
23C	現	0.743	硯	0.702
23D	裁	0.655	截	0.526
23E	女	0.772	食	0.502
23F	未	0.854	末	0.815
240	籍	0.580	藉	0.499
241	繁	0.683	檠	0.526
242	華	0.724	萃	0.670
243	付	0.712	忖	0.705
244	知	0.754	加	0.628
245	距	0.710	鉅	0.621
246	¨	0.666	"	0.664
247	死	0.823	元	0.637
248	慯	0.656	蔦	0.645
249	頼	0.710	顔	0.635
24A	む	0.719	右	0.487
24B	予	0.833	于	0.631
24C	廝	0.548	艢	0.482
24D	兄	0.885	元	0.739
24E	素	0.786	紊	0.601
24F	適	0.596	連	0.566
250	冥	0.602	具	0.576
251	扈	0.624	屋	0.607
252	別	0.725	刑	0.582
253	錐	0.471	餓	0.461
254	扎	0.730	札	0.700
255	朿	0.768	車	0.736
256	困	0.919	固	0.793
257	恰	0.682	拾	0.622
258	店	0.578	箘	0.498
259	喜	0.823	審	0.763
25A	日	0.773	曰	0.768
25B	汳	0.540	坂	0.495
25C	待	0.771	恃	0.662
25D	鬼	0.703	卑	0.552
25E	奴	0.845	収	0.619
25F	考	0.686	渮	0.601
260	切	0.634	惆	0.516
261	学	0.680	卒	0.642
262	敕	0.576	敖	0.532
263	剖	0.459	劇	0.416
264	長	0.701	且	0.630
265	聞	0.692	閤	0.680
266	与	0.738	寺	0.661
267	瑁	0.649	瑣	0.631
268	〇	0.925	○	0.902
269	●	0.945	・	0.866
26A	難	0.701	雌	0.458
26B	楽	0.731	粢	0.570
26C	受	0.516	愛	0.478
26D	ペ	0.710	ベ	0.657
26E	抑	0.535	坤	0.521
26F	遅	0.760	逓	0.683
270	話	0.723	詰	0.601
271	年	0.670	隼	0.532
272	流	0.537	適	0.441
273	色	0.757	包	0.644
274	々	0.692	◆	0.414
275	勤	0.610	勒	0.605
276	拱	0.640	排	0.634
277	探	0.643	檪	0.539
278	醉	0.570	酵	0.523
279	他	0.540	池	0.538
27A	要	0.712	夏	0.576
27B	禰	0.504	鋪	0.454
27C	元	0.875	兄	0.686
27D	鉄	0.486	設	0.449
27E	冷	0.696	乕	0.499
27F	同	0.831	囘	0.713
280	然	0.558	黙	0.492
281	居	0.647	鴈	0.579
282	没	0.770	沒	0.546
283	達	0.732	連	0.654
284	カ	0.531	舌	0.498
285	献	0.432	默	0.419
286	類	0.437	顫	0.413
287	終	0.493	縒	0.467
288	舞	0.668	鋳	0.544
289	台	0.664	合	0.625
28A	仲	0.793	件	0.750
28B	陰	0.504	隣	0.493
28C	的	0.687	妁	0.520
28D	少	0.661	夕	0.439
28E	整	0.661	童	0.460
28F	遊	0.689	避	0.540
290	覚	0.653	宣	0.609
291	愛	0.669	受	0.557
292	箘	0.709	箇	0.693
293	威	0.600	咸	0.504
294	揮	0.711	樟	0.685
295	婦	0.584	掃	0.546
296	青	0.625	毒	0.597
297	識	0.576	諧	0.408
298	志	0.546	赤	0.526
299	守	0.663	在	0.553
29A	当	0.776	坐	0.485
29B	料	0.808	科	0.616
29C	ゅ	0.657	ゆ	0.626
29D	世	0.832	亡	0.587
29E	鹸	0.375	暖	0.303
29F	味	0.826	昧	0.768
2A0	彼	0.586	徨	0.509
2A1	氏	0.840	丘	0.551
2A2	停	0.669	渟	0.645
2A3	笵	0.508	繪	0.507
2A4	対	0.698	紂	0.546
2A5	麻	0.816	痳	0.604
2A6	廓	0.533	靡	0.485
2A7	貯	0.791	竚	0.611
2A8	立	0.837	彑	0.530
2A9	禁	0.690	棠	0.533
2AA	徃	0.651	住	0.606
2AB	界	0.745	昇	0.706
2AC	溂	0.476	例	0.467
2AD	返	0.692	週	0.607
2AE	歩	0.668	参	0.504
2AF	野	0.619	幵	0.525
2B0	節	0.567	部	0.519
2B1	過	0.696	週	0.671
2B2	打	0.569	拵	0.559
2B3	安	0.742	守	0.554
2B4	貧	0.615	貸	0.565
2B5	乏	0.604	之	0.507
2B6	天	0.898	夭	0.709
2B7	国	0.824	圖	0.765
2B8	聖	0.683	璧	0.507
2B9	派	0.575	漑	0.492
2BA	置	0.556	宣	0.511
2BB	搆	0.714	構	0.655
2BC	戍	0.639	或	0.633
2BD	銃	0.497	餃	0.496
2BE	辜	0.684	専	0.656
2BF	効	0.577	勅	0.543
2C0	果	0.790	杲	0.651
2C1	宝	0.728	堂	0.664
2C2	箱	0.695	籍	0.552
2C3	石	0.675	吾	0.541
2C4	忘	0.802	忠	0.621
2C5	広	0.773	店	0.451
2C6	迷	0.761	述	0.589
2C7	詁	0.543	繻	0.525
2C8	激	0.580	瀲	0.506
2C9	榕	0.680	栲	0.607
2CA	活	0.762	后	0.673
2CB	始	0.528	殕	0.521
2CC	川	0.892	用	0.592
2CD	向	0.760	内	0.602
2CE	渥	0.450	溜	0.421
2CF	逵	0.583	煌	0.549
2D0	低	0.694	偕	0.511
2D1	皆	0.705	普	0.565
2D2	家	0.606	宗	0.511
2D3	排	0.725	徘	0.629
2D4	水	0.671	氷	0.661
2D5	溝	0.653	渾	0.540
2D6	臭	0.770	巣	0.634
2D7	鼻	0.523	峯	0.519
2D8	曲	0.617	向	0.496
2D9	毒	0.878	辜	0.633
2DA	情	0.683	精	0.652
2DB	製	0.650	掣	0.513
2DC	研	0.775	硬	0.499
2DD	蜆	0.503	規	0.495
2DE	横	0.602	篌	0.577
2DF	風	0.694	凰	0.588
2E0	希	0.799	精	0.547
2E1	壁	0.549	室	0.522
2E2	末	0.750	未	0.721
2E3	等	0.696	専	0.504
2E4	余	0.688	金	0.633
2E5	誄	0.692	計	0.681
2E6	運	0.801	連	0.657
2E7	賣	0.655	賁	0.604
2E8	期	0.639	朋	0.547
2E9	顏	0.542	随	0.418
2EA	法	0.705	决	0.606
2EB	繰	0.526	譟	0.499
2EC	多	0.623	霎	0.456
2ED	瘋	0.606	廈	0.558
2EE	休	0.863	体	0.692
2EF	相	0.761	梠	0.656
2F0	惑	0.621	感	0.484
2F1	係	0.733	保	0.571
2F2	狙	0.644	咀	0.643
2F3	役	0.684	投	0.598
2F4	射	0.709	財	0.617
2F5	得	0.600	帚	0.554
2F6	員	0.853	貞	0.715
2F7	茖	0.565	客	0.529
2F8	樟	0.711	榛	0.654
2F9	雇	0.607	履	0.581
2FA	感	0.589	惑	0.511
2FB	謝	0.675	諭	0.489
2FC	岾	0.432	緒	0.427
2FD	減	0.614	滅	0.597
2FE	抖	0.537	糾	0.490
2FF	性	0.802	姓	0.572
300	孫	0.650	係	0.540
301	揃	0.826	擶	0.659
302	答	0.704	笞	0.679
303	伸	0.817	仲	0.624
304	飮	0.516	餃	0.480
305	凶	0.894	凹	0.623
306	晏	0.606	暴	0.592
307	被	0.765	披	0.682
308	盲	0.698	窖	0.686
309	比	0.850	汢	0.597
30A	次	0.843	坎	0.601
30B	油	0.649	滷	0.597
30C	好	0.626	竏	0.531
30D	越	0.601	趙	0.473
30E	寔	0.565	富	0.515
30F	儲	0.545	瀦	0.451
310	音	0.735	昔	0.713
311	墓	0.674	菖	0.622
312	眠	0.608	眤	0.577
313	賁	0.625	菖	0.586
314	片	0.849	垰	0.571
315	偏	0.631	信	0.630
316	遣	0.637	退	0.622
317	稼	0.576	糘	0.468
318	剥	0.468	剃	0.465
319	価	0.716	個	0.501
31A	磑	0.534	傭	0.494
31B	三	0.877	二	0.844
31C	隊	0.537	曚	0.517
31D	瞬	0.555	瞋	0.482
31E	突	0.761	究	0.612
31F	由	0.829	白	0.683
320	想	0.453	耜	0.402
321	騷	0.481	騒	0.469
322	民	0.553	屁	0.537
323	叫	0.815	畊	0.513
324	雷	0.607	雪	0.562
325	荒	0.723	萓	0.592
326	汚	0.630	丙	0.509
327	戻	0.604	厦	0.532
328	抂	0.652	狂	0.618
329	詳	0.551	誅	0.543
32A	伝	0.666	伍	0.663
32B	助	0.608	励	0.577
32C	曽	0.470	崖	0.467
32D	局	0.617	咼	0.591
32E	杯	0.729	抔	0.603
32F	舂	0.625	壹	0.617
330	辞	0.750	辭	0.566
331	会	0.742	金	0.633
332	丈	0.881	史	0.554
333	夬	0.800	夫	0.792
334	青	0.769	毒	0.696
335	平	0.899	雫	0.635
336	配	0.838	靦	0.463
337	奧	0.633	奥	0.616
338	任	0.713	庄	0.574
339	壟	0.510	葬	0.459
33A	泣	0.728	迫	0.549
33B	恥	0.704	肛	0.546
33C	供	0.728	梹	0.617
33D	臑	0.428	厰	0.423
33E	抜	0.765	拔	0.649
33F	情	0.472	愕	0.456
340	牲	0.739	牡	0.617
341	職	0.673	識	0.605
342	麦	0.632	舂	0.621
343	良	0.720	臭	0.564
344	礼	0.843	扎	0.740
345	才	0.851	卞	0.645
346	泥	0.757	堀	0.517
347	笑	0.637	筅	0.575
348	塰	0.444	握	0.436
349	延	0.611	廷	0.605
34A	愴	0.569	揩	0.567
34B	茶	0.702	茱	0.643
34C	版	0.517	詛	0.479
34D	父	0.745	艾	0.524
34E	隣	0.461	階	0.446
34F	初	0.625	朷	0.548
350	親	0.674	蜆	0.622
351	適	0.750	邁	0.529
352	頃	0.721	晒	0.495
353	勢	0.636	塾	0.455
354	亰	0.637	衰	0.637
355	甘	0.840	竹	0.587
356	亡	0.844	它	0.577
357	ぬ	0.726	め	0.429
358	故	0.596	紋	0.523
359	題	0.735	距	0.503
35A	墓	0.598	暮	0.582
35B	階	0.512	陪	0.507
35C	段	0.660	股	0.562
35D	玲	0.556	畛	0.554
35E	縄	0.662	蝿	0.619
35F	張	0.683	隈	0.550
360	信	0.489	僖	0.472
361	非	0.788	韭	0.565
362	決	0.796	决	0.739
363	脇	0.508	恊	0.485
364	嫌	0.661	鎌	0.582
365	酒	0.782	湎	0.714
366	久	0.695	攵	0.681
367	保	0.799	侃	0.668
368	証	0.694	鉦	0.590
369	嗅	0.527	曖	0.471
36A	四	0.663	□	0.640
36B	頑	0.599	頚	0.564
36C	僧	0.527	曽	0.493
36D	專	0.629	育	0.590
36E	旅	0.517	旒	0.443
36F	廡	0.428	夥	0.403
370	弍	0.747	式	0.713
371	散	0.583	静	0.459
372	専	0.581	導	0.579
373	直	0.487	南	0.479
374	士	0.866	±	0.789
375	靜	0.570	諍	0.531
376	愚	0.646	昜	0.502
377	働	0.438	渤	0.435
378	加	0.633	如	0.543
379	阻	0.853	咀	0.685
37A	銭	0.424	註	0.407
37B	晩	0.648	暁	0.603
37C	異	0.766	巽	0.700
37D	恩	0.610	思	0.518
37E	面	0.671	而	0.655
37F	巾	0.589	辛	0.555
380	訳	0.816	鈬	0.648
381	央	0.670	尖	0.592
382	管	0.586	箟	0.565
383	械	0.622	槭	0.614
384	會	0.564	童	0.541
385	寤	0.602	直	0.598
386	山	0.748	ш	0.629
387	般	0.724	殷	0.594
388	散	0.491	赦	0.487
389	嶂	0.606	璋	0.586
38A	昇	0.885	界	0.670
38B	暾	0.460	敞	0.391
38C	地	0.762	址	0.575
38D	壁	0.624	壑	0.469
38E	穴	0.715	宍	0.617
38F	絡	0.505	紡	0.462
390	侵	0.688	倭	0.663
391	惺	0.508	慥	0.503
392	除	0.577	險	0.552
393	途	0.803	遥	0.595
394	厳	0.635	廠	0.515
395	菫	0.500	萱	0.489
396	緊	0.476	腎	0.460
397	我	0.673	栽	0.475
398	問	0.841	間	0.837
399	君	0.610	号	0.515
39A	鈩	0.602	炉	0.517
39B	吹	0.753	咲	0.585
39C	飛	0.830	凡	0.489
39D	走	0.609	圭	0.587
39E	服	0.667	脹	0.584
39F	互	0.764	亙	0.665
3A0	角	0.712	倖	0.469
3A1	読	0.757	謙	0.552
3A2	躍	0.641	曜	0.444
3A3	退	0.699	遇	0.650
3A4	治	0.725	冶	0.591
3A5	卞	0.590	求	0.537
3A6	魅	0.655	兢	0.500
3A7	適	0.607	退	0.605
3A8	娘	0.635	踉	0.517
3A9	願	0.717	顆	0.548
3AA	罪	0.718	暃	0.648
3AB	測	0.487	惻	0.460
3AC	凄	0.750	淒	0.628
3AD	顫	0.485	額	0.463
3AE	豈	0.576	登	0.571
3AF	録	0.570	禄	0.542
3B0	座	0.669	壅	0.525
3B1	標	0.640	慓	0.621
3B2	記	0.816	肥	0.623
3B3	憶	0.690	恆	0.631
3B4	暄	0.637	皓	0.603
3B5	樌	0.577	懦	0.573
3B6	写	0.724	耳	0.606
3B7	怖	0.713	怙	0.602
3B8	符	0.625	狩	0.557
3B9	ぽ	0.723	ぼ	0.690
3BA	裂	0.618	製	0.526
3BB	肉	0.668	崗	0.575
3BC	血	0.692	並	0.484
3BD	快	0.684	怏	0.639
3BE	南	0.574	幸	0.569
3BF	西	0.897	酉	0.632
3C0	違	0.608	遠	0.578
3C1	嵬	0.528	善	0.524
3C2	処	0.649	蛆	0.554
3C3	妁	0.604	約	0.540
3C4	臺	0.572	蓄	0.568
3C5	呻	0.661	呼	0.615
3C6	皇	0.690	盲	0.599
3C7	嬢	0.491	孃	0.485
3C8	寂	0.597	菽	0.569
3C9	紅	0.564	衽	0.541
3CA	染	0.730	秉	0.563
3CB	美	0.876	実	0.661
3CC	閉	0.846	開	0.786
3CD	笞	0.622	筈	0.620
3CE	邪	0.850	耶	0.593
3CF	魔	0.694	麾	0.560
3D0	趣	0.383	巵	0.346
3D1	鴫	0.456	鴎	0.452
3D2	了	0.903	丁	0.770
3D3	買	0.637	冐	0.616
3D4	哉	0.545	歳	0.489
3D5	輹	0.532	経	0.523
3D6	夢	0.790	亭	0.619
3D7	準	0.799	凖	0.781
3D8	塀	0.633	壙	0.589
3D9	貂	0.579	紹	0.517
3DA	介	0.726	升	0.504
3DB	悔	0.694	侮	0.618
3DC	丸	0.799	九	0.670
3DD	噂	0.629	啅	0.581
3DE	葬	0.787	彜	0.547
3DF	惜	0.662	惟	0.627
3E0	冗	0.658	兀	0.633
3E1	談	0.641	餤	0.574
3E2	白	0.861	由	0.700
3E3	属	0.574	扇	0.565
3E4	鹿	0.731	庭	0.609
3E5	猩	0.549	蘰	0.525
3E6	徃	0.624	従	0.619
3E7	頂	0.714	項	0.568
3E8	承	0.743	旱	0.536
3E9	室	0.676	宜	0.591
3EA	瞋	0.460	瞼	0.450
3EB	形	0.584	髟	0.480
3EC	跡	0.548	腓	0.381
3ED	案	0.621	葉	0.616
3EE	敬	0.499	散	0.447
3EF	葉	0.717	茣	0.671
3F0	普	0.875	莟	0.638
3F1	喋	0.586	嗅	0.552
3F2	戡	0.478	劼	0.471
3F3	提	0.721	悵	0.569
3F4	銹	0.566	詛	0.531
3F5	棄	0.696	乗	0.645
3F6	採	0.687	援	0.526
3F7	優	0.675	僮	0.589
3F8	秀	0.699	禿	0.594
3F9	紛	0.558	飭	0.436
3FA	争	0.765	孛	0.576
3FB	務	0.616	諮	0.492
3FC	遂	0.705	遵	0.601
3FD	欠	0.676	失	0.630
3FE	視	0.664	祝	0.560
3FF	恆	0.636	恒	0.592
400	づ	0.808	ぅ	0.647
401	簡	0.590	商	0.546
402	単	0.748	阜	0.671
403	実	0.707	美	0.640
404	戍	0.590	戊	0.569
405	迎	0.806	逓	0.522
406	役	0.664	投	0.584
407	功	0.512	期	0.512
408	績	0.541	纏	0.531
409	級	0.588	姐	0.480
40A	文	0.783	攵	0.753
40B	枅	0.587	枡	0.552
40C	割	0.635	剖	0.618
40D	橲	0.589	補	0.585
40E	席	0.570	癜	0.519
40F	遑	0.513	鐘	0.493
410	画	0.753	両	0.676
411	幸	0.655	寺	0.606
412	短	0.602	詛	0.446
413	知	0.480	刔	0.478
414	失	0.766	矢	0.720
415	満	0.758	滴	0.564
416	補	0.751	捕	0.654
417	垢	0.505	摘	0.495
418	其	0.653	兵	0.598
419	息	0.773	急	0.720
41A	訪	0.642	詁	0.572
41B	旧	0.775	囗	0.647
41C	区	0.698	巳	0.569
41D	依	0.699	佑	0.643
41E	語	0.755	鴈	0.541
41F	町	0.810	附	0.561
420	善	0.751	普	0.647
421	普	0.663	首	0.663
422	娘	0.583	褓	0.570
423	膕	0.670	屆	0.654
424	契	0.761	奕	0.528
425	苦	0.678	若	0.654
426	洟	0.486	深	0.480
427	黙	0.563	默	0.483
428	渡	0.674	瀘	0.517
429	納	0.695	蚋	0.588
42A	評	0.878	諢	0.645
42B	潮	0.620	溯	0.495
42C	功	0.517	峭	0.492
42D	歓	0.545	敢	0.520
42E	恋	0.666	悲	0.474
42F	弟	0.659	乗	0.504
430	偽	0.647	僞	0.488
431	筆	0.714	算	0.635
432	差	0.769	盖	0.679
433	歴	0.703	皿	0.534
434	又	0.853	乂	0.787
435	産	0.805	逢	0.560
436	論	0.682	諳	0.617
437	至	0.877	全	0.624
438	条	0.693	芙	0.609
439	創	0.594	剥	0.525
43A	哈	0.593	喰	0.563
43B	胞	0.735	鮑	0.617
43C	偶	0.588	偈	0.534
43D	環	0.534	埠	0.471
43E	境	0.600	垣	0.595
43F	温	0.709	湿	0.557
440	耐	0.706	附	0.576
441	怙	0.545	括	0.540
442	液	0.605	凉	0.479
443	燃	0.461	燻	0.412
444	巳	0.744	己	0.704
445	右	0.586	左	0.533
446	幽	0.385	喇	0.360
447	柎	0.616	忖	0.607
448	奎	0.466	杢	0.462
449	福	0.594	橲	0.537
44A	晴	0.725	睛	0.686
44B	掃	0.697	插	0.632
44C	夜	0.668	筱	0.551
44D	興	0.719	輿	0.559
44E	奮	0.594	窖	0.588
44F	裄	0.633	桁	0.601
450	復	0.665	複	0.663
451	雑	0.695	雜	0.652
452	遺	0.718	遣	0.695
453	融	0.626	触	0.439
454	光	0.805	先	0.634
455	末	0.603	未	0.593
456	杭	0.682	枋	0.630
457	救	0.513	敕	0.500
458	鉋	0.612	鮑	0.571
459	去	0.604	左	0.536
45A	惨	0.653	慘	0.647
45B	脅	0.687	賣	0.602
45C	鎖	0.585	禎	0.553
45D	源	0.527	溏	0.505
45E	肯	0.558	替	0.525
45F	託	0.698	訐	0.658
460	唯	0.763	椎	0.624
461	端	0.652	惴	0.624
462	順	0.738	頓	0.499
463	誠	0.542	譫	0.509
464	乞	0.716	包	0.671
465	精	0.635	積	0.542
466	載	0.516	戯	0.485
467	棄	0.702	臭	0.587
468	×	0.915	Ｘ	0.732
469	範	0.557	筍	0.461
46A	移	0.517	穣	0.448
46B	友	0.773	左	0.619
46C	旌	0.729	族	0.662
46D	独	0.659	牲	0.599
46E	両	0.893	兩	0.762
46F	吝	0.630	斉	0.557
470	支	0.793	攴	0.713
471	位	0.670	伉	0.544
472	築	0.647	欒	0.568
473	叨	0.573	岡	0.549
474	獄	0.504	鍬	0.407
475	都	0.845	部	0.646
476	鮑	0.613	飽	0.592
477	腐	0.736	臈	0.537
478	陰	0.559	瞎	0.497
479	謀	0.821	諌	0.636
47A	鳴	0.723	嗚	0.694
47B	誤	0.597	詛	0.520
47C	径	0.677	怪	0.630
47D	百	0.945	否	0.783
47E	灰	0.744	仄	0.599
47F	尽	0.665	厄	0.555
480	両	0.498	雨	0.460
481	ゆ	0.765	ゅ	0.762
482	際	0.594	隊	0.488
483	厄	0.691	甅	0.594
484	屈	0.742	屆	0.600
485	坦	0.577	姐	0.541
486	□	0.725	図	0.714
487	並	0.719	益	0.512
488	諸	0.644	詫	0.610
489	路	0.542	跨	0.513
48A	孤	0.744	柧	0.602
48B	児	0.745	兄	0.634
48C	毋	0.737	母	0.728
48D	躁	0.594	種	0.514
48E	症	0.588	淀	0.543
48F	討	0.774	誚	0.595
490	惶	0.560	懐	0.552
491	枝	0.743	杖	0.611
492	蘇	0.616	蒜	0.549
493	易	0.711	曷	0.611
494	譯	0.678	評	0.663
495	捕	0.588	櫨	0.579
496	虚	0.546	虎	0.515
497	巣	0.816	臭	0.735
498	窟	0.675	窘	0.585
499	検	0.659	捨	0.629
49A	索	0.741	素	0.597
49B	僭	0.560	潛	0.552
49C	姿	0.604	婁	0.592
49D	劣	0.612	実	0.479
49E	賁	0.634	竟	0.610
49F	薄	0.519	蒡	0.505
4A0	怒	0.660	恕	0.562
4A1	胃	0.713	冒	0.611
4A2	医	0.689	匡	0.612
4A3	軌	0.606	執	0.591
4A4	史	0.762	去	0.599
4A5	老	0.655	赱	0.567
4A6	永	0.850	氷	0.634
4A7	符	0.754	苻	0.680
4A8	訴	0.691	訳	0.555
4A9	衆	0.661	聿	0.549
4AA	統	0.615	続	0.555
4AB	領	0.681	顫	0.613
4AC	妻	0.841	宴	0.669
4AD	布	0.827	市	0.554
4AE	恙	0.492	患	0.458
4AF	和	0.788	耜	0.625
4B0	悲	0.713	恋	0.526
4B1	魂	0.747	餽	0.523
4B2	乱	0.682	阯	0.579
4B3	焼	0.671	暁	0.497
4B4	求	0.710	ま	0.593
4B5	溶	0.582	洽	0.565
4B6	罰	0.526	制	0.434
4B7	班	0.416	飢	0.393
4B8	宅	0.746	字	0.601
4B9	習	0.600	琶	0.553
4BA	議	0.480	犠	0.432
4BB	像	0.762	懍	0.638
4BC	且	0.832	旦	0.826
4BD	疾	0.625	使	0.549
4BE	召	0.714	∃	0.636
4BF	炎	0.799	灸	0.577
4C0	碓	0.566	砧	0.488
4C1	患	0.753	恵	0.649
4C2	ヴ	0.785	ゥ	0.631
4C3	鈍	0.720	飩	0.650
4C4	鋭	0.581	錢	0.532
4C5	車	0.837	阜	0.776
4C6	漢	0.760	漠	0.675
4C7	槓	0.593	楼	0.587
4C8	着	0.724	著	0.625
4C9	仮	0.624	櫪	0.598
4CA	窓	0.625	葱	0.500
4CB	抵	0.642	挺	0.546
4CC	荷	0.817	苒	0.643
4CD	妙	0.586	鈔	0.556
4CE	質	0.625	負	0.566
4CF	舌	0.692	后	0.567
4D0	朿	0.838	柬	0.806
4D1	較	0.688	畋	0.594
4D2	忠	0.665	志	0.570
4D3	声	0.810	芦	0.602
4D4	蔵	0.633	薦	0.580
4D5	継	0.687	紕	0.571
4D6	果	0.620	員	0.545
4D7	幕	0.770	募	0.727
4D8	俗	0.772	浴	0.635
4D9	觀	0.654	艱	0.561
4DA	替	0.605	萼	0.579
4DB	監	0.588	靨	0.515
4DC	賛	0.797	贊	0.764
4DD	策	0.644	筆	0.542
4DE	括	0.758	拾	0.614
4DF	慢	0.770	慣	0.730
4E0	噴	0.671	嘖	0.654
4E1	扉	0.649	肩	0.591
4E2	北	0.765	儿	0.652
4E3	圧	0.871	届	0.621
4E4	政	0.747	致	0.645
4E5	府	0.729	何	0.560
4E6	幾	0.554	媛	0.454
4E7	給	0.683	結	0.608
4E8		0		0
4E9		0		0
4EA		0		0
4EB		0		0
4EC		0		0
4ED		0		0
4EE		0		0
4EF		0		0
4F0		0		0
4F1		0		0
4F2		0		0
4F3		0		0
4F4		0		0
4F5		0		0
4F6		0		0
4F7		0		0
4F8		0		0
4F9		0		0
4FA		0		0
4FB		0		0
4FC		0		0
4FD		0		0
4FE		0		0
4FF		0		0
500		0		0
501		0		0
502		0		0
503		0		0
504		0		0
505		0		0
506		0		0
507		0		0
508		0		0
509		0		0
50A		0		0
50B		0		0
50C		0		0
50D		0		0
50E		0		0
50F		0		0
510		0		0
511		0		0
512		0		0
513		0		0
514		0		0
515		0		0
516		0		0
517		0		0
518		0		0
519		0		0
51A		0		0
51B		0		0
51C		0		0
51D		0		0
51E		0		0
51F		0		0
