번호	글자
EA	敗
EE	正
F5	一
F7	や
109	可
114	残
116	で
11A	体
11D	食
11F	言
122	種
12B	機
12C	扱
130	連
135	行
13A	似
13E	集
141	戦
142	闘
150	開
151	発
15E	高
163	わ
16B	織
171	音
173	通
174	へ
17F	送
182	量
183	有
18B	爆
196	来
197	無
1A4	早
1B4	捕
1B7	造
1BB	危
1BF	ば
1C0	許
1CA	率
1CD	敵
1D1	装
1D8	表
1E0	指
1E4	帰
1E7	目
1ED	枢
1EE	神
1F0	右
1F5	交
1FF	酸
206	止
20D	固
20F	雷
211	微
212	粒
222	買
223	欲
228	つ
22F	慮
230	ょ
233	緒
24C	備
24F	道
251	屋
253	誰
257	拾
261	字
262	教
263	倒
267	項
26E	押
276	挑
27B	踊
284	労
285	駄
28B	勝
296	育
298	赤
29C	ゆ
29E	験
2A3	絶
2A6	廃
2AA	住
2AC	例
2B0	郎
2BB	構
2BC	成
2C7	結
2C9	格
2CE	溜
2CF	建
2DD	規
2DE	模
2E1	望
2E5	計
2E7	貫
2ED	疲
2F7	客
2F8	棒
2FC	賭
2FE	科
306	暴
308	害
30E	寄
310	昔
313	真
315	傭
318	刺
31A	値
329	飾
32C	僕
32F	貴
33D	腰
33F	犠
342	責
348	握
34A	捨
34C	飯
354	哀
358	放
35A	暮
35D	珍
360	寝
363	協
369	腹
36A	匹
36D	奪
36F	驚
372	導
37F	申
384	倉
385	庫
388	故
389	障
38B	敷
391	慌
395	警
39A	炉
3A5	市
3A7	追
3AB	側
3AD	額
3AE	登
3B4	暗
3B5	慣
3B8	狩
3B9	ぼ
3C1	喪
3C3	約
3C4	畜
3C5	呼
3C6	裏
3CD	告
3D1	隠
3D3	賢
3D5	軽
3E3	馬
3E5	程
3E6	従
3EA	胸
3F2	勘
3F4	誘
3F5	乗
3FF	恨
404	皮
406	投
40B	析
40E	痛
40F	嬉
413	却
414	矢
417	振
418	共
422	根
423	届
425	若
426	深
42C	坊
431	算
43A	喰
441	粘
444	己
445	衣
446	劇
447	材
448	密
44F	祈
450	複
458	抱
459	志
45E	替
465	積
473	照
476	飽
480	術
485	担
486	図
48C	母
48D	操
490	懐
491	技
494	課
495	植
49B	借
49E	寛
4A3	執
4AE	忌
4B9	留
4BC	旦
4C0	砲
4D0	東
4D6	黒
4DA	誓
EC	壊
187	掛
1D5	説
1DA	特
205	電
20F	雷
238	池
292	箇
2DA	精
324	震
373	博
3F0	普
421	首
455	栄
